graph,n,edges,mis_size,penalty,p,energy,p_feasible,p_optimal,approx_ratio,uniform_p_feasible,greedy_ratio
0,8,12,3,0.5,1,-3.260453,0.021416,0.017095,0.019857,0.128906,1.0
0,8,12,3,0.5,2,-3.613206,0.007318,0.006111,0.006884,0.128906,1.0
0,8,12,3,0.5,3,-3.767723,0.008208,0.007555,0.007984,0.128906,1.0
0,8,12,3,0.5,4,-3.866189,0.002454,0.001723,0.002203,0.128906,1.0
0,8,12,3,1.0,1,-2.212891,0.373096,0.203814,0.306674,0.128906,1.0
0,8,12,3,1.0,2,-2.629489,0.554873,0.428324,0.509149,0.128906,1.0
0,8,12,3,1.0,3,-2.829767,0.453074,0.420985,0.442085,0.128906,1.0
0,8,12,3,1.0,4,-2.905065,0.349253,0.342118,0.346745,0.128906,1.0
0,8,12,3,1.5,1,-1.734915,0.553779,0.192746,0.396815,0.128906,1.0
0,8,12,3,1.5,2,-2.535808,0.401979,0.354574,0.385513,0.128906,1.0
0,8,12,3,1.5,3,-2.547457,0.35536,0.336713,0.349033,0.128906,1.0
0,8,12,3,1.5,4,-2.610144,0.454739,0.427689,0.445536,0.128906,1.0
0,8,12,3,2.0,1,-1.443504,0.645159,0.173753,0.427106,0.128906,1.0
0,8,12,3,2.0,2,-2.079865,0.722156,0.454555,0.629534,0.128906,1.0
0,8,12,3,2.0,3,-2.425931,0.856167,0.644756,0.779695,0.128906,1.0
0,8,12,3,2.0,4,-2.439642,0.860662,0.650758,0.784813,0.128906,1.0
0,8,12,3,3.0,1,-0.636567,0.905089,0.011782,0.249183,0.128906,1.0
0,8,12,3,3.0,2,-1.49562,0.83712,0.178441,0.559602,0.128906,1.0
0,8,12,3,3.0,3,-2.01747,0.957037,0.372537,0.732401,0.128906,1.0
0,8,12,3,3.0,4,-2.251347,0.946703,0.481052,0.77714,0.128906,1.0
0,8,12,3,5.0,1,-0.73925,0.942131,0.025378,0.314115,0.128906,1.0
0,8,12,3,5.0,2,-1.21197,0.970306,0.071772,0.465001,0.128906,1.0
0,8,12,3,5.0,3,-1.953195,0.987677,0.005429,0.659757,0.128906,1.0
0,8,12,3,5.0,4,-1.955217,0.988299,0.005797,0.660119,0.128906,1.0
1,8,7,5,0.5,1,-4.47519,0.026489,0.017298,0.02418,0.234375,1.0
1,8,7,5,0.5,2,-4.74205,0.020383,0.018021,0.019849,0.234375,1.0
1,8,7,5,0.5,3,-4.854734,0.052655,0.050258,0.052105,0.234375,1.0
1,8,7,5,0.5,4,-4.934196,0.120369,0.118291,0.119868,0.234375,1.0
1,8,7,5,1.0,1,-3.438136,0.346152,0.107651,0.27709,0.234375,1.0
1,8,7,5,1.0,2,-3.941577,0.451427,0.247256,0.401244,0.234375,1.0
1,8,7,5,1.0,3,-4.245737,0.52973,0.353518,0.491837,0.234375,1.0
1,8,7,5,1.0,4,-4.45268,0.630923,0.497456,0.602379,0.234375,1.0
1,8,7,5,1.5,1,-2.86882,0.625136,0.050745,0.412654,0.234375,1.0
1,8,7,5,1.5,2,-3.491575,0.825118,0.173528,0.615628,0.234375,1.0
1,8,7,5,1.5,3,-3.910817,0.775569,0.308461,0.654033,0.234375,1.0
1,8,7,5,1.5,4,-4.252147,0.796304,0.450323,0.718772,0.234375,1.0
1,8,7,5,2.0,1,-2.507338,0.72144,0.028346,0.425201,0.234375,1.0
1,8,7,5,2.0,2,-3.243657,0.850424,0.102071,0.610686,0.234375,1.0
1,8,7,5,2.0,3,-3.641935,0.94137,0.205734,0.707397,0.234375,1.0
1,8,7,5,2.0,4,-3.740616,0.957076,0.257903,0.733321,0.234375,1.0
1,8,7,5,3.0,1,-1.632747,0.682131,0.003598,0.333199,0.234375,1.0
1,8,7,5,3.0,2,-2.590644,0.896963,0.02196,0.528936,0.234375,1.0
1,8,7,5,3.0,3,-3.266425,0.949257,0.104025,0.665174,0.234375,1.0
1,8,7,5,3.0,4,-3.540109,0.975869,0.17215,0.710248,0.234375,1.0
1,8,7,5,5.0,1,-1.237172,0.856827,0.000697,0.318492,0.234375,1.0
1,8,7,5,5.0,2,-2.648423,0.847368,0.157249,0.608656,0.234375,1.0
1,8,7,5,5.0,3,-3.020634,0.967345,0.065592,0.643529,0.234375,1.0
1,8,7,5,5.0,4,-3.49323,0.983532,0.151497,0.705618,0.234375,1.0
2,8,10,4,0.5,1,-3.69413,0.023289,0.01246,0.020025,0.160156,1.0
2,8,10,4,0.5,2,-4.12319,0.015066,0.011888,0.014181,0.160156,1.0
2,8,10,4,0.5,3,-4.272987,0.024814,0.022797,0.02426,0.160156,1.0
2,8,10,4,0.5,4,-4.385946,0.023001,0.021319,0.022534,0.160156,1.0
2,8,10,4,1.0,1,-2.561953,0.344001,0.082462,0.254176,0.160156,1.0
2,8,10,4,1.0,2,-3.053757,0.463811,0.223861,0.392253,0.160156,1.0
2,8,10,4,1.0,3,-3.40887,0.409479,0.327357,0.387726,0.160156,1.0
2,8,10,4,1.0,4,-3.646742,0.395488,0.354297,0.384381,0.160156,1.0
2,8,10,4,1.5,1,-2.023636,0.53163,0.056364,0.335282,0.160156,1.0
2,8,10,4,1.5,2,-2.562672,0.79827,0.164753,0.568992,0.160156,1.0
2,8,10,4,1.5,3,-2.966675,0.816043,0.304451,0.662021,0.160156,1.0
2,8,10,4,1.5,4,-3.251344,0.716193,0.445992,0.64385,0.160156,1.0
2,8,10,4,2.0,1,-1.696549,0.621476,0.043646,0.360309,0.160156,1.0
2,8,10,4,2.0,2,-2.372232,0.740327,0.132262,0.537872,0.160156,1.0
2,8,10,4,2.0,3,-2.472962,0.796269,0.138247,0.576099,0.160156,1.0
2,8,10,4,2.0,4,-2.8788,0.942475,0.242616,0.72299,0.160156,1.0
2,8,10,4,3.0,1,-1.249903,0.710555,0.032249,0.375532,0.160156,1.0
2,8,10,4,3.0,2,-1.900617,0.958818,0.000359,0.475679,0.160156,1.0
2,8,10,4,3.0,3,-1.977954,0.98128,0.018623,0.502149,0.160156,1.0
2,8,10,4,3.0,4,-2.244236,0.805445,0.156618,0.579984,0.160156,1.0
2,8,10,4,5.0,1,-0.854272,0.93671,0.00211,0.267575,0.160156,1.0
2,8,10,4,5.0,2,-1.945301,0.987892,3e-05,0.492659,0.160156,1.0
2,8,10,4,5.0,3,-1.996132,0.997314,0.005397,0.50257,0.160156,1.0
2,8,10,4,5.0,4,-2.003338,0.966042,0.037701,0.552793,0.160156,1.0
3,8,9,4,0.5,1,-3.954301,0.018828,0.011649,0.016784,0.1875,1.0
3,8,9,4,0.5,2,-4.26554,0.006131,0.0044,0.005664,0.1875,1.0
3,8,9,4,0.5,3,-4.380275,0.009787,0.008161,0.009361,0.1875,1.0
3,8,9,4,0.5,4,-4.445298,0.007756,0.006874,0.007528,0.1875,1.0
3,8,9,4,1.0,1,-2.886424,0.384527,0.157881,0.311991,0.1875,1.0
3,8,9,4,1.0,2,-3.314047,0.467795,0.279887,0.413151,0.1875,1.0
3,8,9,4,1.0,3,-3.550767,0.420514,0.326839,0.39585,0.1875,1.0
3,8,9,4,1.0,4,-3.671374,0.393563,0.346685,0.381336,0.1875,1.0
3,8,9,4,1.5,1,-2.321867,0.593055,0.11105,0.406471,0.1875,1.0
3,8,9,4,1.5,2,-2.864755,0.810688,0.297141,0.641954,0.1875,1.0
3,8,9,4,1.5,3,-3.228183,0.843035,0.442108,0.725827,0.1875,1.0
3,8,9,4,1.5,4,-3.431925,0.791536,0.53285,0.723156,0.1875,1.0
3,8,9,4,2.0,1,-2.001354,0.676395,0.083675,0.422973,0.1875,1.0
3,8,9,4,2.0,2,-2.691293,0.771338,0.250268,0.613344,0.1875,1.0
3,8,9,4,2.0,3,-3.105255,0.882678,0.424408,0.746742,0.1875,1.0
3,8,9,4,2.0,4,-3.303067,0.931918,0.500698,0.801878,0.1875,1.0
3,8,9,4,3.0,1,-1.599629,0.75499,0.060618,0.427928,0.1875,1.0
3,8,9,4,3.0,2,-2.101644,0.93125,0.091634,0.537951,0.1875,1.0
3,8,9,4,3.0,3,-2.508298,0.931855,0.176701,0.662482,0.1875,1.0
3,8,9,4,3.0,4,-2.931224,0.95305,0.306643,0.743863,0.1875,1.0
3,8,9,4,5.0,1,-0.981213,0.944245,0.004252,0.287161,0.1875,1.0
3,8,9,4,5.0,2,-1.4657,0.922792,0.025661,0.454207,0.1875,1.0
3,8,9,4,5.0,3,-1.942471,0.869529,0.177479,0.590834,0.1875,1.0
3,8,9,4,5.0,4,-2.343624,0.944185,0.154682,0.642802,0.1875,1.0
4,8,13,4,0.5,1,-3.281646,0.078646,0.033136,0.064731,0.128906,1.0
4,8,13,4,0.5,2,-3.765092,0.166275,0.150756,0.162229,0.128906,1.0
4,8,13,4,0.5,3,-3.913464,0.255568,0.250318,0.254127,0.128906,1.0
4,8,13,4,0.5,4,-3.950443,0.315837,0.31292,0.315037,0.128906,1.0
4,8,13,4,1.0,1,-2.185717,0.42709,0.043671,0.266902,0.128906,1.0
4,8,13,4,1.0,2,-2.828903,0.673855,0.224556,0.532659,0.128906,1.0
4,8,13,4,1.0,3,-3.240309,0.627582,0.458817,0.583789,0.128906,1.0
4,8,13,4,1.0,4,-3.547514,0.711749,0.685401,0.703358,0.128906,1.0
4,8,13,4,1.5,1,-1.708313,0.575373,0.028651,0.312638,0.128906,1.0
4,8,13,4,1.5,2,-2.26648,0.864356,0.092195,0.545323,0.128906,1.0
4,8,13,4,1.5,3,-2.902801,0.714721,0.360513,0.612594,0.128906,1.0
4,8,13,4,1.5,4,-3.05652,0.742626,0.426768,0.65365,0.128906,1.0
4,8,13,4,2.0,1,-1.408289,0.655337,0.022575,0.330109,0.128906,1.0
4,8,13,4,2.0,2,-2.172098,0.638719,0.227667,0.513669,0.128906,1.0
4,8,13,4,2.0,3,-2.322923,0.911507,0.086748,0.582848,0.128906,1.0
4,8,13,4,2.0,4,-2.812827,0.950596,0.210881,0.708577,0.128906,1.0
4,8,13,4,3.0,1,-0.604852,0.911388,0.000224,0.178447,0.128906,1.0
4,8,13,4,3.0,2,-1.221427,0.886606,0.003977,0.366893,0.128906,1.0
4,8,13,4,3.0,3,-2.3203,0.774881,0.314565,0.63882,0.128906,1.0
4,8,13,4,3.0,4,-2.631649,0.826992,0.348538,0.684376,0.128906,1.0
4,8,13,4,5.0,1,-0.703798,0.940516,0.000945,0.232358,0.128906,1.0
4,8,13,4,5.0,2,-1.88801,0.850571,0.171207,0.609391,0.128906,1.0
4,8,13,4,5.0,3,-1.888256,0.850617,0.171163,0.609366,0.128906,1.0
4,8,13,4,5.0,4,-2.3211,0.833668,0.401338,0.706274,0.128906,1.0
5,8,7,4,0.5,1,-4.454541,0.007647,0.005094,0.006929,0.222656,1.0
5,8,7,4,0.5,2,-4.698869,0.000512,0.000374,0.000475,0.222656,1.0
5,8,7,4,0.5,3,-4.775097,0.000919,0.000716,0.000866,0.222656,1.0
5,8,7,4,0.5,4,-4.845759,0.002938,0.002357,0.002788,0.222656,1.0
5,8,7,4,1.0,1,-3.363269,0.304657,0.216195,0.280493,0.222656,1.0
5,8,7,4,1.0,2,-3.624032,0.284638,0.241291,0.273537,0.222656,1.0
5,8,7,4,1.0,3,-3.780174,0.239623,0.221296,0.234777,0.222656,1.0
5,8,7,4,1.0,4,-3.893874,0.309872,0.299801,0.307232,0.222656,1.0
5,8,7,4,1.5,1,-2.816193,0.605131,0.223437,0.485907,0.222656,1.0
5,8,7,4,1.5,2,-3.308068,0.783179,0.469328,0.698349,0.222656,1.0
5,8,7,4,1.5,3,-3.729812,0.922746,0.781087,0.885303,0.222656,1.0
5,8,7,4,1.5,4,-3.790757,0.858773,0.795,0.842272,0.222656,1.0
5,8,7,4,2.0,1,-2.455821,0.706497,0.161138,0.510723,0.222656,1.0
5,8,7,4,2.0,2,-3.221835,0.874151,0.464912,0.765569,0.222656,1.0
5,8,7,4,2.0,3,-3.490557,0.953286,0.589534,0.852413,0.222656,1.0
5,8,7,4,2.0,4,-3.540917,0.963026,0.630712,0.87008,0.222656,1.0
5,8,7,4,3.0,1,-1.497954,0.688145,0.043699,0.396956,0.222656,1.0
5,8,7,4,3.0,2,-2.463129,0.870415,0.170564,0.632518,0.222656,1.0
5,8,7,4,3.0,3,-3.852293,0.999294,0.862739,0.96324,0.222656,1.0
5,8,7,4,3.0,4,-3.908013,0.995656,0.917702,0.975531,0.222656,1.0
5,8,7,4,5.0,1,-1.186336,0.946076,0.008884,0.334544,0.222656,1.0
5,8,7,4,5.0,2,-2.359836,0.882155,0.236543,0.668195,0.222656,1.0
5,8,7,4,5.0,3,-3.190704,0.978255,0.438669,0.82929,0.222656,1.0
5,8,7,4,5.0,4,-3.953444,0.999793,0.955505,0.988528,0.222656,1.0
6,8,12,4,0.5,1,-3.279302,0.048144,0.030194,0.042401,0.132812,1.0
6,8,12,4,0.5,2,-3.599328,0.050787,0.042932,0.048524,0.132812,1.0
6,8,12,4,0.5,3,-3.76595,0.057235,0.05104,0.055451,0.132812,1.0
6,8,12,4,0.5,4,-3.875079,0.052313,0.048605,0.051238,0.132812,1.0
6,8,12,4,1.0,1,-2.244545,0.388971,0.044886,0.252385,0.132812,1.0
6,8,12,4,1.0,2,-2.695496,0.595946,0.129294,0.439334,0.132812,1.0
6,8,12,4,1.0,3,-2.968772,0.500758,0.196769,0.416934,0.132812,1.0
6,8,12,4,1.0,4,-3.108517,0.431158,0.238174,0.380401,0.132812,1.0
6,8,12,4,1.5,1,-1.763634,0.559515,0.026656,0.310924,0.132812,1.0
6,8,12,4,1.5,2,-2.214075,0.848118,0.065359,0.516638,0.132812,1.0
6,8,12,4,1.5,3,-2.630502,0.879709,0.132356,0.622235,0.132812,1.0
6,8,12,4,1.5,4,-2.859398,0.771801,0.19949,0.604366,0.132812,1.0
6,8,12,4,2.0,1,-1.468437,0.647256,0.019685,0.331066,0.132812,1.0
6,8,12,4,2.0,2,-2.0614,0.716809,0.064314,0.473429,0.132812,1.0
6,8,12,4,2.0,3,-2.34068,0.875919,0.075433,0.581171,0.132812,1.0
6,8,12,4,2.0,4,-2.414719,0.909246,0.063544,0.604638,0.132812,1.0
6,8,12,4,3.0,1,-1.058547,0.733413,0.013856,0.342295,0.132812,1.0
6,8,12,4,3.0,2,-1.628033,0.924989,0.018154,0.421422,0.132812,1.0
6,8,12,4,3.0,3,-1.853608,0.965213,0.026862,0.474282,0.132812,1.0
6,8,12,4,3.0,4,-2.54373,0.953789,0.107612,0.652734,0.132812,1.0
6,8,12,4,5.0,1,-0.746851,0.941774,0.000741,0.238792,0.132812,1.0
6,8,12,4,5.0,2,-1.321306,0.912399,1.1e-05,0.37197,0.132812,1.0
6,8,12,4,5.0,3,-1.721877,0.930491,0.029826,0.512003,0.132812,1.0
6,8,12,4,5.0,4,-2.192045,0.956287,0.070643,0.615667,0.132812,1.0
7,8,19,3,0.5,1,-2.281187,0.071783,0.02202,0.051746,0.074219,1.0
7,8,19,3,0.5,2,-2.624334,0.162218,0.121387,0.14662,0.074219,1.0
7,8,19,3,0.5,3,-2.790826,0.155104,0.149028,0.151853,0.074219,1.0
7,8,19,3,0.5,4,-2.877629,0.164331,0.158979,0.161851,0.074219,1.0
7,8,19,3,1.0,1,-1.394335,0.390198,0.032296,0.216044,0.074219,1.0
7,8,19,3,1.0,2,-1.834577,0.388242,3e-06,0.253507,0.074219,1.0
7,8,19,3,1.0,3,-1.886731,0.536499,0.181087,0.386546,0.074219,1.0
7,8,19,3,1.0,4,-1.983278,0.571356,0.20195,0.435812,0.074219,1.0
7,8,19,3,1.5,1,-0.995978,0.561135,0.027661,0.27517,0.074219,1.0
7,8,19,3,1.5,2,-1.548797,0.516947,0.0,0.340396,0.074219,1.0
7,8,19,3,1.5,3,-1.587743,0.847243,0.10313,0.510411,0.074219,1.0
7,8,19,3,1.5,4,-1.640952,0.609341,0.0,0.402231,0.074219,1.0
7,8,19,3,2.0,1,-0.719904,0.650614,0.024155,0.297027,0.074219,1.0
7,8,19,3,2.0,2,-1.319509,0.570928,0.0,0.377064,0.074219,1.0
7,8,19,3,2.0,3,-1.796503,0.743993,0.342492,0.58225,0.074219,1.0
7,8,19,3,2.0,4,-1.796504,0.743969,0.342522,0.582252,0.074219,1.0
7,8,19,3,3.0,1,-0.436868,0.93346,0.000733,0.173624,0.074219,1.0
7,8,19,3,3.0,2,-0.897463,0.942787,0.005367,0.338477,0.074219,1.0
7,8,19,3,3.0,3,-1.0165,0.917204,0.026024,0.376869,0.074219,1.0
7,8,19,3,3.0,4,-1.863094,0.951115,0.0,0.633851,0.074219,1.0
7,8,19,3,5.0,1,-0.411061,0.940816,0.002562,0.225646,0.074219,1.0
7,8,19,3,5.0,2,-1.000621,0.969229,0.013165,0.397011,0.074219,1.0
7,8,19,3,5.0,3,-1.634532,0.968849,1e-06,0.645224,0.074219,1.0
7,8,19,3,5.0,4,-1.936109,0.989209,0.0,0.658528,0.074219,1.0
8,8,10,4,0.5,1,-3.685676,0.024252,0.015435,0.021637,0.164062,1.0
8,8,10,4,0.5,2,-4.104032,0.026594,0.020977,0.025102,0.164062,1.0
8,8,10,4,0.5,3,-4.309325,0.042075,0.037448,0.040849,0.164062,1.0
8,8,10,4,0.5,4,-4.410135,0.019608,0.017217,0.018964,0.164062,1.0
8,8,10,4,1.0,1,-2.615759,0.376475,0.123056,0.284928,0.164062,1.0
8,8,10,4,1.0,2,-3.119314,0.506331,0.286091,0.433184,0.164062,1.0
8,8,10,4,1.0,3,-3.533881,0.433811,0.371894,0.416398,0.164062,1.0
8,8,10,4,1.0,4,-3.739962,0.408357,0.374312,0.398758,0.164062,1.0
8,8,10,4,1.5,1,-2.086822,0.566275,0.083334,0.36141,0.164062,1.0
8,8,10,4,1.5,2,-2.590388,0.827978,0.225679,0.589408,0.164062,1.0
8,8,10,4,1.5,3,-3.054502,0.810337,0.410326,0.674698,0.164062,1.0
8,8,10,4,1.5,4,-3.417876,0.706943,0.547791,0.661948,0.164062,1.0
8,8,10,4,2.0,1,-1.776509,0.653991,0.063884,0.381739,0.164062,1.0
8,8,10,4,2.0,2,-2.449934,0.769134,0.203706,0.567917,0.164062,1.0
8,8,10,4,2.0,3,-2.735329,0.921666,0.277849,0.677557,0.164062,1.0
8,8,10,4,2.0,4,-3.227994,0.87662,0.500172,0.766326,0.164062,1.0
8,8,10,4,3.0,1,-1.368211,0.739618,0.046846,0.391924,0.164062,1.0
8,8,10,4,3.0,2,-1.906085,0.931699,0.067578,0.488609,0.164062,1.0
8,8,10,4,3.0,3,-2.567242,0.914684,0.23197,0.664682,0.164062,1.0
8,8,10,4,3.0,4,-2.984154,0.945618,0.376475,0.76318,0.164062,1.0
8,8,10,4,5.0,1,-0.887273,0.943033,0.003093,0.268904,0.164062,1.0
8,8,10,4,5.0,2,-1.721427,0.969236,0.030308,0.477577,0.164062,1.0
8,8,10,4,5.0,3,-1.982798,0.975285,0.05476,0.548003,0.164062,1.0
8,8,10,4,5.0,4,-2.007996,0.968825,0.069199,0.565547,0.164062,1.0
9,8,8,4,0.5,1,-4.143236,0.01168,0.007419,0.010488,0.199219,1.0
9,8,8,4,0.5,2,-4.350606,0.002167,0.001529,0.001995,0.199219,1.0
9,8,8,4,0.5,3,-4.433461,0.002298,0.001861,0.002186,0.199219,1.0
9,8,8,4,0.5,4,-4.472095,0.003356,0.002699,0.00319,0.199219,1.0
9,8,8,4,1.0,1,-3.134629,0.35163,0.183948,0.304097,0.199219,1.0
9,8,8,4,1.0,2,-3.451845,0.39776,0.283865,0.368132,0.199219,1.0
9,8,8,4,1.0,3,-3.602314,0.350589,0.30541,0.338751,0.199219,1.0
9,8,8,4,1.0,4,-3.744998,0.407856,0.379602,0.400314,0.199219,1.0
9,8,8,4,1.5,1,-2.566727,0.60946,0.142435,0.448861,0.199219,1.0
9,8,8,4,1.5,2,-3.091253,0.811245,0.345375,0.679679,0.199219,1.0
9,8,8,4,1.5,3,-3.375869,0.846223,0.4715,0.748497,0.199219,1.0
9,8,8,4,1.5,4,-3.51216,0.771324,0.55734,0.716524,0.199219,1.0
9,8,8,4,2.0,1,-2.230572,0.69876,0.102435,0.466389,0.199219,1.0
9,8,8,4,2.0,2,-2.949597,0.826985,0.304617,0.686758,0.199219,1.0
9,8,8,4,2.0,3,-3.291343,0.928309,0.44275,0.796506,0.199219,1.0
9,8,8,4,2.0,4,-3.292315,0.927733,0.443609,0.796368,0.199219,1.0
9,8,8,4,3.0,1,-1.255586,0.702902,0.015172,0.34949,0.199219,1.0
9,8,8,4,3.0,2,-2.323938,0.841645,0.154575,0.591573,0.199219,1.0
9,8,8,4,3.0,3,-2.903446,0.944956,0.271898,0.748678,0.199219,1.0
9,8,8,4,3.0,4,-3.23162,0.969208,0.395969,0.811234,0.199219,1.0
9,8,8,4,5.0,1,-1.083045,0.946618,0.005151,0.309278,0.199219,1.0
9,8,8,4,5.0,2,-1.97986,0.857125,0.184073,0.591821,0.199219,1.0
9,8,8,4,5.0,3,-2.538582,0.952019,0.195837,0.711131,0.199219,1.0
9,8,8,4,5.0,4,-2.955831,0.931197,0.434885,0.798571,0.199219,1.0
